City_ID,City,Country,Lat,Lng,Max Temp,Humidity,Cloudiness,Wind Speed,Current Description
0,Flinders,AU,-34.5833,150.8552,59.38,71,100,5.99,overcast clouds
1,Vila Franca Do Campo,PT,37.7167,-25.4333,72.01,70,73,3.4,broken clouds
2,Yumen,CN,40.2833,97.2,72.36,22,0,10.87,clear sky
3,Bluff,NZ,-46.6,168.3333,41.81,77,100,6.53,overcast clouds
4,Sao Filipe,CV,14.8961,-24.4956,75.72,88,62,7.56,broken clouds
5,Kapaa,US,22.0752,-159.319,75.18,92,100,11.5,light rain
6,Karratha,AU,-20.7377,116.8463,71.83,80,0,7.38,clear sky
7,Ushuaia,AR,-54.8,-68.3,29.86,93,100,19.57,heavy snow
8,Port Alfred,ZA,-33.5906,26.891,60.19,77,0,1.01,clear sky
9,Balabac,PH,7.9868,117.0645,82.42,78,100,3.42,overcast clouds
10,Padang,ID,-0.9492,100.3543,77.85,89,100,3.09,overcast clouds
11,Tondano,ID,1.3038,124.9112,68.09,95,54,2.28,broken clouds
12,Kununurra,AU,-15.7667,128.7333,58.98,72,8,0.0,clear sky
13,Husavik,IS,66.0449,-17.3389,51.73,76,61,8.01,broken clouds
14,Tuma,RU,55.148,40.5537,59.05,94,100,9.73,light rain
15,Wanning,CN,18.8003,110.3967,80.4,87,90,6.71,overcast clouds
16,Cidreira,BR,-30.1811,-50.2056,70.11,74,100,4.83,overcast clouds
17,Fortuna,US,40.5982,-124.1573,55.98,91,86,5.01,overcast clouds
18,Upernavik,GL,72.7868,-56.1549,45.99,86,100,8.1,light rain
19,Butaritari,KI,3.0707,172.7902,79.79,77,98,5.01,overcast clouds
20,Mataura,NZ,-46.1927,168.8643,41.49,94,100,2.06,overcast clouds
21,Cape Town,ZA,-33.9258,18.4232,61.27,72,0,9.22,clear sky
22,Mildmay,CA,44.0501,-81.1164,75.56,79,67,4.0,broken clouds
23,Albany,US,42.6001,-73.9662,88.21,64,5,1.01,clear sky
24,Rikitea,PF,-23.1203,-134.9692,74.17,73,4,9.93,light rain
25,Puerto Ayacucho,VE,5.6639,-67.6236,79.77,81,88,2.15,overcast clouds
26,Sadao,TH,6.6388,100.4234,80.42,94,100,1.61,overcast clouds
27,Atuona,PF,-9.8,-139.0333,77.04,75,12,15.19,few clouds
28,Dikson,RU,73.5069,80.5464,42.91,87,100,26.46,light rain
29,Lagos,NG,6.5833,3.75,81.27,67,96,8.39,overcast clouds
30,Makakilo City,US,21.3469,-158.0858,75.0,78,0,12.66,clear sky
31,Khatanga,RU,71.9667,102.5,53.76,65,100,6.58,overcast clouds
32,Kodiak,US,57.79,-152.4072,51.31,87,100,0.0,light rain
33,Hilo,US,19.7297,-155.09,73.27,99,58,1.99,very heavy rain
34,Busselton,AU,-33.65,115.3333,56.79,76,85,11.12,overcast clouds
35,Arraial Do Cabo,BR,-22.9661,-42.0278,76.96,65,20,10.36,few clouds
36,Mar Del Plata,AR,-38.0023,-57.5575,56.08,63,91,14.0,overcast clouds
37,Tuatapere,NZ,-46.1333,167.6833,43.83,88,98,2.95,overcast clouds
38,Kavieng,PG,-2.5744,150.7967,81.27,79,100,9.93,moderate rain
39,Lompoc,US,34.6391,-120.4579,54.01,100,100,3.44,overcast clouds
40,Banff,CA,51.1762,-115.5698,65.43,47,60,5.75,broken clouds
41,Sioux Lookout,CA,50.1001,-91.917,69.87,64,20,9.22,few clouds
42,Yellowknife,CA,62.456,-114.3525,60.57,63,7,5.99,clear sky
43,Lyngseidet,NO,69.5763,20.2189,59.0,99,100,8.97,light rain
44,Narbonne,FR,43.0833,2.8333,97.02,27,0,5.57,clear sky
45,Bar-Le-Duc,FR,48.75,5.1667,83.21,33,10,12.97,clear sky
46,Crotone,IT,39.0851,17.1178,91.35,31,0,4.61,clear sky
47,Torbay,CA,47.6666,-52.7314,71.89,73,75,24.16,broken clouds
48,Bredasdorp,ZA,-34.5322,20.0403,58.03,66,11,5.73,few clouds
49,Hamilton,US,39.1834,-84.5333,85.24,71,20,11.5,haze
50,Nanortalik,GL,60.1432,-45.2371,52.03,75,8,14.14,clear sky
51,Thompson,CA,55.7435,-97.8558,60.8,73,90,8.41,overcast clouds
52,Boca Do Acre,BR,-8.7522,-67.3978,91.06,36,0,0.45,clear sky
53,Ozernovskiy,RU,51.5,156.5167,57.92,91,89,11.43,overcast clouds
54,Punta Arenas,CL,-53.15,-70.9167,33.91,86,20,17.27,few clouds
55,Morondava,MG,-20.2833,44.2833,75.45,67,5,13.98,clear sky
56,Tutoia,BR,-2.7619,-42.2744,86.59,54,20,4.45,few clouds
57,Saint Anthony,US,45.0205,-93.218,79.84,50,0,18.41,clear sky
58,Seymchan,RU,62.8833,152.4333,47.3,69,100,3.0,overcast clouds
59,Vestmannaeyjar,IS,63.4427,-20.2734,50.99,100,100,9.22,drizzle
60,Cockburn Town,TC,21.4612,-71.1419,82.54,78,6,18.34,clear sky
61,Pisco,PE,-13.7,-76.2167,63.01,77,100,4.61,smoke
62,Morant Bay,JM,17.8815,-76.4093,92.71,70,41,12.66,scattered clouds
63,Nazilli,TR,37.9163,28.3223,96.1,12,0,17.6,clear sky
64,Victoria,HK,22.2855,114.1577,88.18,73,0,3.0,clear sky
65,Grand Gaube,MU,-20.0064,57.6608,70.38,68,63,10.0,broken clouds
66,Nikolskoye,RU,59.7035,30.7861,82.87,45,0,6.49,clear sky
67,Teshie,GH,5.5836,-0.1072,81.16,61,20,18.41,few clouds
68,Lazaro Cardenas,MX,17.9583,-102.2,84.78,74,98,5.68,overcast clouds
69,Maningrida,AU,-12.0667,134.2667,62.89,67,82,10.13,broken clouds
70,Pitimbu,BR,-7.4706,-34.8086,75.79,82,86,13.47,overcast clouds
71,Vao,NC,-22.6667,167.4833,72.95,91,4,20.6,clear sky
72,Castro,BR,-24.7911,-50.0119,71.8,53,2,6.71,clear sky
73,Kloulklubed,PW,7.0419,134.2556,75.7,74,100,0.18,light rain
74,Myitkyina,MM,25.3833,97.4,77.63,92,97,1.9,light rain
75,Visby,SE,57.6409,18.296,89.82,31,0,17.27,clear sky
76,Araouane,ML,18.9048,-3.5265,99.14,27,51,10.85,broken clouds
77,Forrest City,US,35.0081,-90.7898,87.13,54,0,9.01,clear sky
78,Port Elizabeth,ZA,-33.918,25.5701,61.09,73,0,8.05,clear sky
79,Esperance,AU,-33.8667,121.9,55.24,77,53,19.22,broken clouds
80,Ribeira Grande,PT,38.5167,-28.7,75.6,83,20,6.91,few clouds
81,Portalegre,PT,39.2938,-7.4312,98.74,12,0,8.34,clear sky
82,Qaanaaq,GL,77.484,-69.3632,45.86,70,100,5.91,overcast clouds
83,Quelimane,MZ,-17.8786,36.8883,75.15,78,20,11.5,few clouds
84,Geraldton,AU,-28.7667,114.6,55.81,82,55,8.05,broken clouds
85,Tiksi,RU,71.6872,128.8694,40.53,84,17,8.43,few clouds
86,Ilulissat,GL,69.2167,-51.1,62.62,48,75,10.36,broken clouds
87,Guerrero Negro,MX,27.9769,-114.0611,70.47,75,73,13.65,broken clouds
88,Bambous Virieux,MU,-20.3428,57.7575,70.21,83,75,14.97,light intensity shower rain
89,Nyurba,RU,63.2842,118.3319,54.9,94,99,4.63,overcast clouds
90,Namanyere,TZ,-7.5167,31.05,70.0,41,99,4.43,overcast clouds
91,Lavrentiya,RU,65.5833,-171.0,40.21,90,100,20.11,light rain
92,Jamestown,US,42.097,-79.2353,79.02,77,100,14.97,overcast clouds
93,Porto Santo,PT,33.072,-16.3415,71.98,68,75,18.41,broken clouds
94,Barrow,US,71.2906,-156.7887,42.82,81,0,21.85,clear sky
95,Puerto Baquerizo Moreno,EC,-0.9,-89.6,72.59,78,40,10.36,scattered clouds
96,Vila,PT,42.0304,-8.1588,85.69,44,1,9.46,clear sky
97,Mount Gambier,AU,-37.8333,140.7667,46.83,84,40,8.34,scattered clouds
98,Perrysburg,US,41.557,-83.6272,82.98,66,0,14.97,clear sky
99,Cabo San Lucas,MX,22.8909,-109.9124,94.6,45,0,14.97,clear sky
100,Longyearbyen,SJ,78.2186,15.6401,51.64,82,75,8.05,broken clouds
101,Mikuni,JP,36.2171,136.1519,75.11,94,99,8.5,overcast clouds
102,Carnarvon,AU,-24.8667,113.6333,66.99,64,93,15.39,overcast clouds
103,Hvide Sande,DK,56.0045,8.1294,62.1,79,89,18.81,overcast clouds
104,Hobart,AU,-42.8794,147.3294,40.26,92,0,5.75,clear sky
105,Burla,IN,21.5,83.8667,80.83,84,100,6.6,overcast clouds
106,New Norfolk,AU,-42.7826,147.0587,39.9,82,0,3.0,clear sky
107,Bundaberg,AU,-24.85,152.35,63.21,99,100,6.91,light rain
108,Perelyub,RU,51.8667,50.3667,76.73,39,98,9.24,overcast clouds
109,Georgetown,MY,5.4112,100.3354,83.89,83,20,1.14,few clouds
110,Salalah,OM,17.0151,54.0924,77.09,94,100,8.05,overcast clouds
111,Rio Gallegos,AR,-51.6226,-69.2181,32.05,74,0,23.02,clear sky
112,East London,ZA,-33.0153,27.9116,59.94,77,0,8.05,clear sky
113,Adelaide,AU,-34.9333,138.6,57.33,67,75,14.97,broken clouds
114,Pimenta Bueno,BR,-11.6725,-61.1936,91.94,26,4,3.06,clear sky
115,Cherskiy,RU,68.75,161.3,31.71,94,12,11.86,few clouds
116,Kamaishi,JP,39.2667,141.8833,70.34,90,55,3.85,broken clouds
117,Fairbanks,US,64.8378,-147.7164,56.25,75,75,1.01,broken clouds
118,Orlik,RU,52.5178,99.825,53.04,74,98,2.64,overcast clouds
119,Oranjemund,NA,-28.55,16.4333,60.46,59,0,12.15,clear sky
120,Avarua,CK,-21.2078,-159.775,71.65,73,75,9.22,broken clouds
121,Krasnomayskiy,RU,57.6194,34.4099,68.88,58,58,7.83,broken clouds
122,Wenling,CN,28.3669,121.36,80.85,86,67,6.98,broken clouds
123,Souillac,MU,-20.5167,57.5167,68.38,83,75,14.97,light intensity shower rain
124,Baruun-Urt,MN,46.6806,113.2792,73.71,41,45,12.75,scattered clouds
125,Quatre Cocos,MU,-20.2078,57.7625,70.09,70,80,20.67,light rain
126,Bathsheba,BB,13.2167,-59.5167,88.41,83,75,27.63,broken clouds
127,Mahebourg,MU,-20.4081,57.7,70.25,83,75,14.97,light intensity shower rain
128,Jackson,US,42.4165,-122.8345,75.04,45,0,1.01,clear sky
129,Cherbourg,FR,49.6386,-1.6147,69.51,68,100,4.61,overcast clouds
130,Dunedin,NZ,-45.8742,170.5036,47.8,84,95,7.0,overcast clouds
131,Saint-Philippe,RE,-21.3585,55.7679,69.39,82,45,15.97,light rain
132,Hithadhoo,MV,-0.6,73.0833,81.82,70,100,5.21,overcast clouds
133,Uyuni,BO,-20.4597,-66.825,51.64,24,100,8.99,overcast clouds
134,Bethel,US,41.3712,-73.414,90.05,69,0,5.75,clear sky
135,Bria,CF,6.5423,21.9863,79.02,87,100,1.99,light rain
136,Tommot,RU,58.9564,126.2925,60.22,93,1,2.71,clear sky
137,Turbat,PK,26.0023,63.044,86.81,67,90,14.03,overcast clouds
138,Kisanga,TZ,-7.4362,37.7034,77.31,56,84,0.34,broken clouds
139,Puerto Ayora,EC,-0.7393,-90.3518,73.36,92,86,7.0,overcast clouds
140,Saint-Francois,FR,46.4154,3.9054,83.68,42,0,8.05,clear sky
141,Santa Rosa,PH,14.3122,121.1114,81.01,79,100,7.9,overcast clouds
142,Maun,BW,-19.9833,23.4167,75.16,41,0,8.05,clear sky
143,Luderitz,NA,-26.6481,15.1594,66.7,52,0,15.19,clear sky
144,Brae,GB,60.3964,-1.353,54.88,76,23,12.21,few clouds
145,Qasigiannguit,GL,68.8193,-51.1922,62.85,73,100,5.32,overcast clouds
146,Leningradskiy,RU,69.3833,178.4167,33.21,98,100,14.03,light snow
147,Saint-Pierre,RE,-21.3393,55.4781,69.48,69,20,6.91,few clouds
148,Tiznit,MA,29.5833,-9.5,103.91,10,53,6.08,broken clouds
149,Gimbi,ET,9.1667,35.8333,61.36,91,70,1.86,light rain
150,Airai,TL,-8.9266,125.4092,56.41,91,96,3.02,overcast clouds
151,Kaitangata,NZ,-46.2817,169.8464,43.45,88,100,5.57,overcast clouds
152,Auki,SB,-8.7676,160.7034,77.05,88,78,3.98,broken clouds
153,Asfi,MA,32.2994,-9.2372,81.59,59,3,23.85,clear sky
154,Atherton,GB,53.5237,-2.4935,69.26,65,96,1.01,overcast clouds
155,Nogales,MX,31.3086,-110.9422,76.71,78,0,0.0,clear sky
156,Talnakh,RU,69.4865,88.3972,58.21,72,18,8.68,light rain
157,Durango,MX,24.8333,-104.8333,75.61,35,3,4.14,clear sky
158,Vanimo,PG,-2.6741,141.3028,78.91,84,100,2.1,moderate rain
159,Coutances,FR,49.05,-1.4333,74.61,53,61,9.13,broken clouds
160,Hokitika,NZ,-42.7167,170.9667,41.13,72,0,7.4,clear sky
161,Vaini,TO,-21.2,-175.2,74.1,75,4,9.35,clear sky
162,Beyneu,KZ,45.3167,55.2,98.15,17,90,16.33,overcast clouds
163,Suluq,LY,31.6682,20.2521,86.81,34,0,20.58,clear sky
164,Katsuura,JP,35.1333,140.3,77.58,93,100,12.86,overcast clouds
165,Omboue,GA,-1.5746,9.2618,77.72,71,81,11.3,broken clouds
166,Pevek,RU,69.7008,170.3133,31.78,99,100,8.66,overcast clouds
167,Ostrovnoy,RU,68.0531,39.5131,56.55,76,52,4.85,broken clouds
168,Noumea,NC,-22.2763,166.4572,75.99,99,14,9.53,few clouds
169,Golpayegan,IR,33.4537,50.2884,93.99,9,0,4.74,clear sky
170,Yola,NG,9.2,12.4833,85.48,63,84,5.41,light rain
171,Lahaina,US,20.8783,-156.6825,73.4,76,44,8.77,scattered clouds
172,Chokurdakh,RU,70.6333,147.9167,37.87,54,100,8.48,overcast clouds
173,Hermanus,ZA,-34.4187,19.2345,58.8,71,14,1.79,few clouds
174,Kudahuvadhoo,MV,2.6708,72.8944,80.38,73,100,8.68,light rain
175,Mattru,SL,7.6244,-11.8332,77.34,80,99,6.91,overcast clouds
176,Pleshanovo,RU,52.8333,53.4833,72.34,56,96,4.09,overcast clouds
177,Saskylakh,RU,71.9167,114.0833,51.96,66,98,15.21,overcast clouds
178,Nishihara,JP,26.1842,127.7558,83.48,94,20,9.22,few clouds
179,Taoudenni,ML,22.6783,-3.9836,107.83,17,13,8.72,few clouds
180,Todos Santos,MX,23.45,-110.2167,78.66,71,4,6.2,clear sky
181,Novyy Urgal,RU,51.0736,132.5642,59.79,93,99,1.12,overcast clouds
182,Comodoro Rivadavia,AR,-45.8667,-67.5,42.66,49,20,21.85,few clouds
183,Sao Joao Da Barra,BR,-21.6403,-41.0511,77.09,71,21,6.73,few clouds
184,Tasiilaq,GL,65.6145,-37.6368,39.36,71,97,4.18,overcast clouds
185,Namatanai,PG,-3.6667,152.4333,79.14,80,55,6.15,broken clouds
186,Provideniya,RU,64.3833,-173.3,39.76,77,99,9.93,overcast clouds
187,Petropavlovsk-Kamchatskiy,RU,53.0452,158.6483,57.79,100,100,4.47,overcast clouds
188,Richards Bay,ZA,-28.783,32.0377,66.58,85,5,6.38,clear sky
189,Faanui,PF,-16.4833,-151.75,76.62,75,10,13.42,clear sky
190,Usinsk,RU,65.9939,57.5281,62.67,48,100,15.88,overcast clouds
191,Aldan,RU,58.6031,125.3894,57.43,89,7,3.38,clear sky
192,Havoysund,NO,70.9963,24.6622,62.83,86,100,8.5,light rain
193,Saint-Augustin,CA,51.226,-58.6502,75.45,43,36,14.52,scattered clouds
194,Moron,AR,-34.6534,-58.6198,65.01,54,100,6.76,overcast clouds
195,Banjar,ID,-8.19,114.9675,73.83,88,55,6.15,broken clouds
196,Concepcion Del Uruguay,AR,-32.4825,-58.2372,66.25,80,97,4.0,overcast clouds
197,Te Anau,NZ,-45.4167,167.7167,33.64,94,43,1.95,scattered clouds
198,Arnstadt,DE,50.8333,10.95,85.32,39,0,13.8,clear sky
199,Okhotsk,RU,59.3833,143.3,53.24,93,92,2.08,overcast clouds
200,Beloha,MG,-25.1667,45.05,67.68,71,11,7.83,few clouds
201,Bilma,NE,18.6853,12.9164,104.94,16,24,7.29,few clouds
202,Fasa,IR,28.9383,53.6482,99.64,17,40,16.11,scattered clouds
203,Broken Hill,AU,-31.95,141.4333,46.83,88,64,9.04,broken clouds
204,Saldanha,ZA,-33.0117,17.9442,60.85,71,38,10.31,scattered clouds
205,Palmer,US,42.1584,-72.3287,90.64,64,65,4.0,broken clouds
206,Constitucion,CL,-35.3333,-72.4167,58.59,70,24,5.41,few clouds
207,Kibala,TD,9.1104,18.3463,85.01,65,81,2.68,broken clouds
208,Clyde River,CA,70.4692,-68.5914,39.43,93,100,16.11,light rain
209,Verkhnetulomskiy,RU,68.6073,31.7962,71.73,53,93,3.65,overcast clouds
210,Turkmenabat,TM,39.0733,63.5786,103.98,11,0,13.8,clear sky
211,Ouesso,CG,1.6136,16.0517,78.96,86,37,2.33,light rain
212,Arman,RU,59.7,150.1667,58.5,83,86,2.71,overcast clouds
213,Benalla,AU,-36.55,145.9833,37.85,80,11,4.97,few clouds
214,Praia,CV,14.9215,-23.5087,84.74,65,75,11.5,broken clouds
215,Margate,GB,51.3813,1.3862,74.3,76,60,5.01,broken clouds
216,Voh,NC,-20.9667,164.7,72.09,91,13,6.22,few clouds
217,Narsaq,GL,60.9167,-46.05,64.62,68,6,6.46,clear sky
218,Ponta Delgada,PT,37.7333,-25.6667,72.32,83,75,8.05,broken clouds
219,Akcaabat,TR,41.0212,39.5715,73.27,60,75,11.5,broken clouds
220,Celestun,MX,20.8667,-90.4,87.15,59,1,2.35,clear sky
221,Tuktoyaktuk,CA,69.4541,-133.0374,51.8,93,100,6.91,overcast clouds
222,Winona,US,43.9666,-91.7668,78.6,63,40,4.61,scattered clouds
223,Gravelbourg,CA,49.8834,-106.5512,68.27,37,28,7.38,scattered clouds
224,Bengkulu,ID,-3.8004,102.2655,76.3,91,76,4.56,broken clouds
225,Touros,BR,-5.1989,-35.4608,82.58,63,79,14.23,broken clouds
226,Xaxim,BR,-26.9617,-52.5347,73.78,62,46,6.6,scattered clouds
227,Cairns,AU,-16.9167,145.7667,70.07,90,22,5.1,few clouds
228,Larsnes,NO,62.2028,5.5773,59.41,82,89,6.78,overcast clouds
229,Amlimay,PH,16.6938,120.837,59.52,92,100,2.8,overcast clouds
230,Taltal,CL,-25.4,-70.4833,61.88,73,25,5.48,scattered clouds
231,Palekh,RU,56.8028,41.8572,62.74,84,44,6.62,scattered clouds
232,Conceicao Do Araguaia,BR,-8.2578,-49.2647,95.0,21,5,6.29,clear sky
233,Mount Isa,AU,-20.7333,139.5,50.29,33,3,12.82,clear sky
234,Luwuk,ID,-0.9516,122.7875,76.5,88,29,4.92,scattered clouds
235,Knysna,ZA,-34.0363,23.0471,54.77,82,0,3.67,clear sky
236,Laela,TZ,-8.5667,32.05,67.17,43,92,6.26,overcast clouds
237,Fort Dodge,US,42.4975,-94.168,79.02,61,0,8.05,clear sky
238,Stende,LV,57.15,22.5333,82.67,44,75,3.44,broken clouds
239,Lishui,CN,28.4604,119.9103,79.7,91,85,1.28,overcast clouds
240,Kahului,US,20.8947,-156.47,73.42,78,100,13.8,overcast clouds
241,Vaitape,PF,-16.5167,-151.75,76.71,75,17,12.86,few clouds
242,Parfenyevo,RU,58.484,43.4088,65.71,70,100,4.99,overcast clouds
243,Victoria Point,AU,-27.5833,153.3,61.81,96,99,5.01,light rain
244,Viedma,AR,-40.8135,-62.9967,52.63,24,75,17.85,broken clouds
245,Yulara,AU,-25.2406,130.9889,51.06,39,4,8.68,clear sky
246,Port Augusta,AU,-32.5,137.7667,49.33,87,74,7.43,broken clouds
247,Norman Wells,CA,65.282,-126.8329,59.04,94,100,2.3,overcast clouds
248,Sulangan,PH,11.1373,123.7228,84.72,74,100,8.3,light rain
249,Namibe,AO,-15.1961,12.1522,65.03,82,100,17.27,overcast clouds
250,Karachi,PK,24.9056,67.0822,84.02,79,75,21.85,broken clouds
251,Olga,RU,43.7444,135.2892,63.3,98,100,3.89,overcast clouds
252,Puerto Escondido,MX,15.85,-97.0667,86.83,66,40,3.44,scattered clouds
253,Angoche,MZ,-16.2325,39.9086,72.81,68,2,5.95,clear sky
254,Teahupoo,PF,-17.8333,-149.2667,64.36,78,18,12.19,light rain
255,Uige,AO,-7.6087,15.0613,77.02,65,20,6.91,few clouds
256,Belize,BZ,17.25,-88.75,84.52,75,75,6.85,broken clouds
257,Nogliki,RU,51.8333,143.1667,53.62,98,100,10.13,overcast clouds
258,Lebu,CL,-37.6167,-73.65,52.27,83,89,2.01,overcast clouds
259,Ballarat,AU,-37.5662,143.8496,46.89,78,1,8.14,clear sky
260,Aviles,ES,43.5547,-5.9248,73.38,88,75,9.22,light intensity drizzle
261,Bouna,CI,9.2667,-3.0,89.1,41,75,4.72,broken clouds
262,Acarau,BR,-2.8856,-40.12,87.91,51,66,8.97,broken clouds
263,Nanyang,CN,32.9947,112.5328,78.53,81,22,2.01,few clouds
264,Idlib,SY,35.9306,36.6339,84.02,37,0,18.14,clear sky
265,Iqaluit,CA,63.7506,-68.5145,38.93,100,100,8.05,light intensity drizzle
266,Naze,JP,28.3667,129.4833,81.52,88,79,13.29,broken clouds
267,Olafsvik,IS,64.8945,-23.7142,52.3,78,92,2.33,overcast clouds
268,Kruisfontein,ZA,-34.0033,24.7314,56.88,83,0,3.0,clear sky
269,Kijang,KR,35.2442,129.2139,78.53,82,1,6.38,clear sky
270,Port Macquarie,AU,-31.4333,152.9167,57.88,88,75,6.91,broken clouds
271,Haines Junction,CA,60.7522,-137.5108,46.56,79,96,3.4,overcast clouds
272,Alofi,NU,-19.0595,-169.9187,69.69,88,7,5.75,clear sky
273,Hambantota,LK,6.1241,81.1185,79.14,94,40,6.91,scattered clouds
274,Codrington,AU,-38.2667,141.9667,46.44,85,5,10.78,clear sky
275,Kentau,KZ,43.5206,68.5094,93.29,15,0,11.23,clear sky
276,Taormina,IT,37.8536,15.2885,86.45,44,0,2.37,clear sky
277,Tilichiki,RU,60.4667,166.1,47.35,70,0,6.46,clear sky
278,Nouadhibou,MR,20.931,-17.0347,78.78,69,9,8.05,clear sky
279,Nelson Bay,AU,-32.7167,152.15,63.0,85,99,15.01,overcast clouds
280,Kavaratti,IN,10.5669,72.642,80.96,82,91,20.8,overcast clouds
281,Plettenberg Bay,ZA,-34.0527,23.3716,55.06,79,0,3.27,clear sky
282,Eyl,SO,7.9803,49.8164,77.59,73,99,26.42,overcast clouds
283,Leua,SK,48.2156,18.6071,97.5,16,7,4.94,clear sky
284,Gat,IL,31.61,34.7642,86.4,100,2,11.3,clear sky
285,Lata,PT,40.1629,-8.3327,85.5,48,0,10.56,clear sky
286,Kota Kinabalu,MY,5.9749,116.0724,80.58,89,20,3.44,few clouds
287,Dongobesh,TZ,-4.0667,35.3833,60.44,51,54,10.31,broken clouds
288,Raub,MY,3.7899,101.857,75.11,93,85,0.16,overcast clouds
289,Nizwa,OM,22.9333,57.5333,90.07,60,100,1.54,light rain
290,Kangaatsiaq,GL,68.3065,-53.4641,42.17,99,100,8.39,overcast clouds
291,Carballo,ES,43.213,-8.691,81.82,88,69,10.89,broken clouds
292,Yerbogachen,RU,61.2767,108.0108,58.35,77,100,4.05,overcast clouds
293,Egvekinot,RU,66.3167,-179.1667,33.04,72,16,9.75,few clouds
294,Jieshi,CN,22.8134,115.8257,83.37,81,0,5.08,clear sky
295,Sobolevo,RU,54.4299,31.8996,67.08,75,18,12.64,few clouds
296,Port Hardy,CA,50.6996,-127.4199,53.78,94,100,3.44,mist
297,Havelock,US,34.8791,-76.9013,89.06,82,40,17.27,scattered clouds
298,Kontagora,NG,10.3999,5.4695,80.46,75,78,3.33,moderate rain
299,Newport,GB,51.5877,-2.9984,74.39,64,20,6.38,few clouds
300,Chulumani,BO,-16.4096,-67.5263,79.54,31,86,4.38,overcast clouds
301,Srednekolymsk,RU,67.45,153.6833,41.59,54,18,6.02,few clouds
302,Cayenne,GF,4.9333,-52.3333,87.84,12,100,2.3,overcast clouds
303,Buala,SB,-8.145,159.5921,79.93,83,90,6.11,overcast clouds
304,Yar-Sale,RU,66.8333,70.8333,47.89,73,100,8.03,overcast clouds
305,Ukrayinka,UA,47.9167,35.35,73.13,44,73,9.19,broken clouds
306,Urumqi,CN,43.801,87.6005,79.75,23,0,0.0,clear sky
307,Port Blair,IN,11.6667,92.75,80.64,89,100,2.3,mist
308,Byron Bay,AU,-28.65,153.6167,58.95,75,95,20.24,moderate rain
309,Nantucket,US,41.2835,-70.0995,78.94,94,100,12.66,fog
310,Severo-Kurilsk,RU,50.6789,156.125,52.48,97,100,22.95,moderate rain
311,Vila Velha,BR,-20.3297,-40.2925,78.75,81,75,12.66,broken clouds
312,Kanniyakumari,IN,8.0833,77.5667,79.45,82,15,20.85,few clouds
313,Kulhudhuffushi,MV,6.6221,73.07,81.55,79,100,18.59,overcast clouds
314,Maniitsoq,GL,65.4167,-52.9,43.81,95,100,15.39,overcast clouds
315,Zhuhai,CN,22.2769,113.5678,85.78,84,0,6.91,clear sky
316,Banda Aceh,ID,5.5577,95.3222,81.14,76,100,7.23,overcast clouds
317,Swan Hill,AU,-35.3378,143.5544,47.01,90,6,12.15,clear sky
318,Port Hedland,AU,-20.3167,118.5667,71.56,63,0,10.74,clear sky
319,Putyatino,RU,54.16,41.1169,59.2,94,93,13.49,light rain
320,Tautira,PF,-17.7333,-149.15,75.13,78,14,10.96,light rain
321,Tucumcari,US,35.1717,-103.725,82.94,69,0,3.44,clear sky
322,Barranca,PE,-10.75,-77.7667,64.4,74,85,10.94,overcast clouds
323,Uruguaiana,BR,-29.7547,-57.0883,76.93,69,0,10.36,clear sky
324,Goedereede,NL,51.8175,3.9806,64.98,81,100,4.0,overcast clouds
325,Areosa,PT,41.7178,-8.8571,74.07,66,9,5.84,clear sky
326,Zafra,ES,38.4167,-6.4167,101.75,11,12,9.89,few clouds
327,Ust-Barguzin,RU,53.45,108.9833,55.67,74,100,4.59,overcast clouds
328,Klaksvik,FO,62.2266,-6.589,52.72,82,29,11.45,scattered clouds
329,Hakui,JP,36.8833,136.7833,74.68,97,99,6.42,overcast clouds
330,Constantine,DZ,36.365,6.6147,96.21,28,20,12.66,few clouds
331,Erenhot,CN,43.6475,111.9767,85.3,20,100,19.69,overcast clouds
332,Pecos,US,31.4229,-103.4932,87.89,42,0,5.75,clear sky
333,Dingle,PH,10.9995,122.6711,77.94,91,100,5.21,overcast clouds
334,Gillette,US,44.2911,-105.5022,82.11,24,0,12.66,clear sky
335,Feldkirchen,DE,48.148,11.7434,76.33,69,58,1.99,broken clouds
336,Lorengau,PG,-2.0226,147.2712,80.17,78,99,4.09,overcast clouds
337,Porto Belo,BR,-27.1578,-48.5531,75.18,79,96,9.78,overcast clouds
338,Pauini,BR,-7.7136,-66.9764,94.77,30,22,0.4,few clouds
339,Shingu,JP,33.7333,135.9833,77.94,93,75,3.85,broken clouds
340,Puerto Narino,CO,-3.7703,-70.3831,84.38,63,72,4.14,broken clouds
341,San Ignacio,BZ,17.1561,-89.0714,84.34,70,0,0.0,clear sky
342,Fort Nelson,CA,58.8053,-122.7002,54.99,82,75,3.44,broken clouds
343,Goderich,CA,43.7501,-81.7165,75.9,78,14,11.5,few clouds
344,Bonthe,SL,7.5264,-12.505,78.03,78,100,12.17,light rain
345,Mastung,PK,29.7994,66.845,87.53,26,49,2.01,scattered clouds
346,Cabedelo,BR,-6.9811,-34.8339,75.87,80,100,13.56,overcast clouds
347,Paamiut,GL,61.994,-49.6678,46.92,88,73,5.64,broken clouds
348,North Battleford,CA,52.7834,-108.2847,69.89,56,0,9.22,clear sky
349,Hazorasp,UZ,41.3194,61.0742,94.84,12,0,11.25,clear sky
350,Teguldet,RU,57.3064,88.1667,56.61,97,99,6.49,overcast clouds
351,Srandakan,ID,-7.9386,110.2506,75.94,82,62,9.75,broken clouds
352,Mecca,SA,21.4267,39.8261,94.59,37,6,9.19,clear sky
353,Sao Jose Da Coroa Grande,BR,-8.8978,-35.1478,78.15,76,79,12.73,broken clouds
354,Pangkalanbuun,ID,-2.6833,111.6167,74.26,99,62,2.15,broken clouds
355,Lac Du Bonnet,CA,50.2536,-96.0612,72.34,53,6,10.85,clear sky
356,Bhawanigarh,IN,30.2667,76.035,79.21,86,74,4.45,broken clouds
357,Varzea Da Palma,BR,-17.5981,-44.7308,84.56,26,0,7.09,clear sky
358,Nome,US,64.5011,-165.4064,46.47,93,100,3.44,overcast clouds
359,Salinopolis,BR,-0.6136,-47.3561,86.2,60,13,6.78,few clouds
360,Huarmey,PE,-10.0681,-78.1522,66.27,74,70,10.69,broken clouds
361,Kautokeino,NO,69.0125,23.0412,56.5,95,100,11.36,overcast clouds
362,Kenai,US,60.5544,-151.2583,50.14,98,100,5.75,overcast clouds
363,Namanga,KE,-2.5433,36.7905,71.6,41,70,10.63,broken clouds
364,Isangel,VU,-19.55,169.2667,76.08,87,14,10.25,few clouds
365,Pacific Grove,US,36.6177,-121.9166,57.42,96,100,11.99,mist
366,Ambon,ID,-3.6954,128.1814,78.24,15,20,6.91,few clouds
367,Leshukonskoye,RU,64.8989,45.7622,73.0,45,29,8.55,scattered clouds
368,Roma,US,43.2128,-75.4557,86.68,61,20,11.5,few clouds
369,Chuy,UY,-33.6971,-53.4616,64.0,85,100,8.77,overcast clouds
370,Sungaipenuh,ID,-2.0833,101.3833,64.62,97,92,2.82,overcast clouds
371,Bayir,TR,37.2687,28.2167,93.72,12,0,14.38,clear sky
372,Port Lincoln,AU,-34.7333,135.8667,54.03,71,100,13.6,overcast clouds
373,Barra Do Garcas,BR,-15.89,-52.2567,88.38,37,0,11.5,clear sky
374,Manggar,ID,-2.8833,108.2667,81.28,82,53,11.43,broken clouds
375,San Vicente,AR,-26.6167,-54.1333,77.25,50,49,6.96,scattered clouds
376,Golden,US,39.7555,-105.2211,86.97,32,20,6.91,few clouds
377,Rawson,AR,-43.3002,-65.1023,47.91,40,50,24.96,scattered clouds
378,Maua,BR,-23.6678,-46.4614,73.36,50,0,2.28,clear sky
379,Vallenar,CL,-28.5708,-70.7581,60.58,71,26,3.4,scattered clouds
380,Kysyl-Syr,RU,63.8986,122.7617,61.2,99,100,6.73,overcast clouds
381,San Cristobal,VE,7.7669,-72.225,78.98,75,97,6.82,overcast clouds
382,Launceston,AU,-41.45,147.1667,38.34,91,3,2.42,clear sky
383,College,US,64.8569,-147.8028,55.8,75,75,0.0,broken clouds
384,Hasaki,JP,35.7333,140.8333,79.29,91,100,13.6,overcast clouds
385,Hobyo,SO,5.3505,48.5268,76.87,78,77,25.64,broken clouds
386,Oksfjord,NO,70.2396,22.3479,61.0,99,100,8.21,light rain
387,Leeuwarden,NL,53.2014,5.8086,68.11,94,100,17.27,overcast clouds
388,Guangyuan,CN,32.442,105.823,73.53,96,100,4.45,overcast clouds
389,Saint George,US,37.1041,-113.5841,93.79,24,0,5.75,clear sky
390,Mogocha,RU,53.7333,119.7667,61.61,95,41,3.27,scattered clouds
391,Gberia Fotombu,SL,9.8833,-11.1667,74.82,85,95,9.15,light rain
392,Belyy Yar,RU,53.6039,91.3903,66.85,63,0,2.24,clear sky
393,Atar,MR,20.5169,-13.0499,105.37,20,52,12.33,broken clouds
394,Iguape,BR,-24.7081,-47.5553,73.36,67,3,4.5,clear sky
395,Cascais,PT,38.6979,-9.4215,87.66,57,20,18.41,few clouds
396,Nikolayevsk-Na-Amure,RU,53.1406,140.73,55.74,98,100,2.98,overcast clouds
397,Lerik,AZ,38.7726,48.4128,69.44,73,0,3.96,clear sky
398,Ponta Do Sol,PT,32.6667,-17.1,82.71,69,1,4.41,clear sky
399,Zhezkazgan,KZ,47.8043,67.7144,86.94,21,48,11.97,scattered clouds
400,Aksarka,RU,66.5606,67.7975,52.77,57,9,11.9,clear sky
401,Hun,LY,29.1268,15.9477,92.8,21,0,13.89,clear sky
402,Falakata,IN,26.5208,89.2055,80.08,86,100,4.99,light rain
403,Barmer,IN,25.75,71.3833,87.39,64,100,18.79,overcast clouds
404,Tarrafal,CV,15.2833,-23.7667,84.99,82,89,9.62,overcast clouds
405,Jalu,LY,29.0331,21.5482,93.31,17,0,16.04,clear sky
406,Antofagasta,CL,-23.65,-70.4,58.28,70,62,7.29,broken clouds
407,Solwezi,ZM,-12.1688,26.3894,68.34,44,94,2.19,overcast clouds
408,Ust-Tsilma,RU,65.441,52.1498,70.39,50,75,6.55,broken clouds
409,Zlitan,LY,32.4674,14.5687,83.84,50,0,12.77,clear sky
410,Road Town,VG,18.4167,-64.6167,80.69,100,20,11.5,few clouds
411,Ngunguru,NZ,-35.6167,174.5,52.52,84,30,12.21,scattered clouds
412,Ossora,RU,59.2353,163.0719,53.13,67,7,4.47,clear sky
413,Santo Antonio Do Sudoeste,BR,-26.0736,-53.7253,75.34,61,61,6.2,broken clouds
414,Darab,IR,28.7519,54.5444,94.39,27,16,6.89,few clouds
415,Masuguru,TZ,-11.3667,38.4167,79.75,37,29,4.74,scattered clouds
416,Yining,CN,29.0361,114.5636,79.79,88,98,2.53,overcast clouds
417,Saint-Joseph,RE,-21.3667,55.6167,68.38,77,45,15.41,light rain
418,Watrous,CA,51.6668,-105.4679,67.78,56,32,10.36,scattered clouds
419,Camacha,PT,33.0833,-16.3333,69.22,68,75,18.41,broken clouds
420,Kamina,CD,-8.7386,24.9906,77.81,33,92,3.4,overcast clouds
421,Vardo,NO,70.3705,31.1107,58.98,82,0,9.22,clear sky
422,Hofn,IS,64.2539,-15.2082,55.42,76,100,6.91,overcast clouds
423,Avezzano,IT,42.0402,13.4388,92.12,34,67,4.9,broken clouds
424,Shenjiamen,CN,29.9576,122.298,79.0,91,99,3.4,moderate rain
425,Kralendijk,BQ,12.15,-68.2667,85.98,70,40,16.11,scattered clouds
426,Isiolo,KE,0.3546,37.5822,75.31,42,74,19.89,broken clouds
427,Aripuana,BR,-9.1667,-60.6333,95.34,28,0,2.39,clear sky
428,Walvis Bay,NA,-22.9575,14.5053,62.1,64,0,15.95,clear sky
429,Sistranda,NO,63.7256,8.834,55.36,83,36,19.17,scattered clouds
430,Adre,TD,13.4667,22.2,87.67,42,58,1.77,light rain
431,Sayyan,YE,15.1718,44.3244,68.07,47,89,6.44,overcast clouds
432,Boa Vista,BR,2.8197,-60.6733,78.78,83,75,3.44,broken clouds
433,Aykhal,RU,66.0,111.5,51.73,93,100,0.63,overcast clouds
434,General Roca,AR,-39.0333,-67.5833,50.63,42,100,10.25,overcast clouds
435,Ixtapa,MX,20.7,-105.2,88.23,74,75,4.61,broken clouds
436,Gayny,RU,60.3071,54.3241,62.65,80,45,3.27,scattered clouds
437,Willmar,US,45.1219,-95.0433,78.82,50,0,10.36,clear sky
438,San Luis,AR,-33.295,-66.3356,61.99,31,32,18.39,scattered clouds
439,Niquelandia,BR,-14.4739,-48.4597,88.5,23,21,6.13,few clouds
440,Tual,ID,-5.6667,132.75,78.19,76,60,17.52,broken clouds
441,Zainsk,RU,55.3195,52.0694,70.79,72,66,1.81,broken clouds
442,Kharakvasla,IN,18.4333,73.7667,73.42,89,100,6.33,overcast clouds
443,Amuntai,ID,-2.4177,115.2494,75.9,93,99,1.23,overcast clouds
444,Halifax,CA,44.6453,-63.5724,84.52,73,75,10.36,broken clouds
445,Elesbao Veloso,BR,-6.2019,-42.1403,95.38,25,77,5.77,broken clouds
446,Boddam,GB,57.4667,-1.7833,66.43,81,67,11.95,broken clouds
447,Pedasi,PA,7.5333,-80.0333,80.06,89,100,5.37,overcast clouds
448,Arlit,NE,18.7369,7.3853,104.58,9,1,2.1,clear sky
449,Mandera,KE,3.9366,41.867,87.87,31,30,16.13,scattered clouds
450,Florianopolis,BR,-27.6146,-48.5012,72.63,76,75,13.8,broken clouds
451,Darnah,LY,32.767,22.6367,79.41,63,0,25.37,clear sky
452,Sorong,ID,-0.8833,131.25,78.21,88,98,8.88,overcast clouds
453,Sterling,US,39.0062,-77.4286,93.13,63,75,6.91,broken clouds
454,Mirzapur,IN,25.15,82.5833,82.36,76,100,2.24,heavy intensity rain
455,Luanda,AO,-8.8368,13.2343,70.48,77,65,14.72,broken clouds
456,Loukhi,RU,66.0764,33.0381,77.05,53,76,1.61,broken clouds
457,Sibolga,ID,1.7427,98.7792,77.22,87,35,3.85,scattered clouds
458,Canutama,BR,-6.5339,-64.3831,93.54,32,85,2.15,overcast clouds
459,Caravelas,BR,-17.7125,-39.2481,78.19,62,1,8.59,clear sky
460,Sorland,NO,67.667,12.6934,53.98,92,100,18.12,overcast clouds
461,Gannan,CN,47.9147,123.5031,71.78,75,18,4.85,few clouds
462,Aklavik,CA,68.2191,-135.0107,55.4,94,100,0.0,light rain
463,Ondangwa,NA,-17.9167,15.95,74.14,16,0,6.53,clear sky
464,Collipulli,CL,-37.95,-72.4333,51.28,91,100,3.04,moderate rain
465,Upington,ZA,-28.4478,21.2561,75.58,20,0,4.61,clear sky
466,Port-Gentil,GA,-0.7193,8.7815,80.56,74,40,14.97,scattered clouds
467,Maloh,PH,9.056,122.9851,82.51,81,100,6.96,overcast clouds
468,Karpathos,GR,35.507,27.2132,76.96,69,0,33.38,clear sky
469,Los Llanos De Aridane,ES,28.6585,-17.9182,73.15,73,20,18.41,few clouds
470,Domokos,GR,39.1272,22.3003,88.65,18,0,10.4,clear sky
471,Marshall,US,34.3834,-86.3333,87.37,73,75,6.91,broken clouds
472,Banga,PH,6.4239,124.7783,74.26,92,100,1.68,light rain
473,Zheleznodorozhnyy,RU,55.7503,38.0042,70.21,69,61,13.6,light rain
474,Majur,RS,44.7697,19.6544,96.94,13,70,7.43,broken clouds
475,Russell,US,32.3502,-85.1999,87.96,54,98,6.6,overcast clouds
476,Lypova Dolyna,UA,50.5643,33.7979,65.26,85,97,13.15,light rain
477,Tazovskiy,RU,67.4667,78.7,44.46,84,100,3.89,overcast clouds
478,Portel,BR,-1.9356,-50.8211,91.36,45,12,3.2,few clouds
479,Mehamn,NO,71.0357,27.8492,60.75,77,0,1.14,light rain
480,Aksu,CN,41.1231,80.2644,84.7,22,0,5.75,clear sky
481,Kerema,PG,-7.9631,145.7785,76.82,89,88,3.47,overcast clouds
482,Verkhoyansk,RU,67.5447,133.385,51.21,76,85,2.04,overcast clouds
483,Labuhan,ID,-6.8844,112.2051,76.24,81,75,8.84,broken clouds
484,Bealanana,MG,-14.55,48.7333,54.77,90,10,4.68,clear sky
485,Beringovskiy,RU,63.05,179.3167,45.45,71,99,11.07,overcast clouds
486,Mitsamiouli,KM,-11.3847,43.2844,79.09,65,40,9.22,scattered clouds
487,Zyryanovsk,KZ,49.7386,84.2719,58.62,87,100,0.65,overcast clouds
488,Westport,US,41.1415,-73.3579,92.16,74,0,6.91,clear sky
489,Berdigestyakh,RU,62.0989,126.6992,60.3,97,1,4.52,clear sky
490,Yebaishou,CN,41.3975,119.6408,69.22,80,10,4.97,clear sky
491,Wlodawa,PL,51.55,23.55,81.95,52,6,6.96,clear sky
492,San Felipe,VE,10.3399,-68.7425,91.29,43,31,4.68,scattered clouds
493,Tahe,CN,52.3333,124.7333,62.02,97,45,0.87,scattered clouds
494,Jumla,NP,29.2747,82.1838,64.63,94,99,0.31,overcast clouds
495,Lardos,GR,36.0942,28.0157,86.95,53,0,14.65,clear sky
496,Kandrian,PG,-6.2167,149.55,76.41,88,14,2.77,few clouds
497,Tsumeb,NA,-19.2333,17.7167,71.65,15,0,9.26,clear sky
498,King City,US,36.2127,-121.126,87.91,24,0,3.71,clear sky
499,Inhambane,MZ,-23.865,35.3833,69.12,80,4,7.47,clear sky
500,Loandjili,CG,-4.7561,11.8578,77.11,73,75,9.22,broken clouds
501,Tovarkovo,RU,54.6762,35.9386,68.43,80,20,11.52,light rain
502,Chapais,CA,49.7834,-74.8492,67.78,88,57,13.09,broken clouds
503,San Juan,AR,-31.5375,-68.5364,62.76,17,36,17.16,scattered clouds
504,Sungairaya,ID,0.7,108.9,78.89,86,72,6.08,broken clouds
505,Dalby,AU,-27.1833,151.2667,54.99,94,100,1.01,light rain
506,La Union,PE,-5.4,-80.75,71.38,57,63,12.59,broken clouds
507,Oum Hadjer,TD,13.2954,19.6966,88.45,50,57,8.19,broken clouds
508,Carutapera,BR,-1.195,-46.02,88.57,52,32,6.31,scattered clouds
509,Buraydah,SA,26.326,43.975,109.85,8,38,10.78,scattered clouds
510,Adrar,MR,20.5022,-10.0711,102.25,22,7,7.87,clear sky
511,Fevik,NO,58.3794,8.6766,71.37,70,100,4.61,overcast clouds
512,Swellendam,ZA,-34.0226,20.4417,52.9,60,5,3.62,clear sky
513,Ulaangom,MN,49.9811,92.0667,64.45,40,89,2.57,overcast clouds
514,Veinticinco De Mayo,AR,-35.4323,-60.1727,57.97,63,42,8.01,scattered clouds
515,Amga,RU,60.8953,131.9608,64.67,78,1,2.66,clear sky
516,Sokoni,TZ,-6.4333,39.55,75.52,74,2,16.69,clear sky
517,Bud,US,39.447,-86.1758,84.92,66,0,8.97,clear sky
518,Marawi,PH,7.9986,124.2928,69.06,94,100,1.72,overcast clouds
519,Sacama,EC,-3.9,-79.2667,59.02,50,75,3.44,broken clouds
520,Lukovetskiy,RU,64.2956,41.9211,73.8,56,6,6.49,clear sky
521,Stokmarknes,NO,68.5646,14.9108,57.18,77,75,5.75,broken clouds
522,Palmerston North,NZ,-40.35,175.6167,44.06,90,38,4.07,scattered clouds
523,Rogers,US,36.3668,-95.5836,94.01,48,95,4.0,overcast clouds
524,Vanavara,RU,60.34,102.2797,58.37,71,64,3.36,broken clouds
525,Nicoya,CR,10.1483,-85.452,80.82,78,100,3.33,overcast clouds
526,Aksha,RU,50.2814,113.2867,61.41,90,94,2.86,overcast clouds
527,Muisne,EC,0.6,-80.0333,74.71,80,100,10.49,overcast clouds
528,Guacimo,CR,10.2104,-83.6807,82.62,74,100,3.6,overcast clouds
529,Ayagoz,KZ,47.9714,80.4392,70.65,55,46,11.1,scattered clouds
530,Nabire,ID,-3.3667,135.4833,76.39,89,100,2.15,overcast clouds
531,Ucluelet,CA,48.9329,-125.5528,57.09,93,60,1.01,broken clouds
532,Leh,IN,34.1667,77.5833,71.47,10,88,5.93,overcast clouds
533,San Andres,CO,12.5847,-81.7006,86.02,74,20,11.5,few clouds
534,Griffith,US,41.5284,-87.4237,87.89,58,0,5.75,clear sky
535,Maltahohe,NA,-24.8333,16.9833,66.51,20,0,6.91,clear sky
536,Narrabri,AU,-30.3167,149.7833,48.52,79,99,3.0,overcast clouds
537,Tura,IN,25.5198,90.2201,75.88,95,100,3.6,overcast clouds
538,Bubaque,GW,11.2833,-15.8333,78.62,85,81,18.32,broken clouds
539,Avera,US,33.194,-82.5271,83.71,67,100,10.63,overcast clouds
540,San Jeronimo,PE,-11.9472,-75.2829,58.78,36,0,2.57,clear sky
541,Balkanabat,TM,39.5108,54.3671,90.61,46,0,11.32,clear sky
542,Korla,CN,41.7597,86.1469,81.68,26,0,5.12,clear sky
543,Shubarkuduk,KZ,49.1447,56.4872,79.25,29,77,8.14,broken clouds
544,Nantong,CN,32.0303,120.8747,81.99,89,29,3.51,scattered clouds
545,Poso,ID,-1.3959,120.7524,76.28,90,56,5.26,broken clouds
546,Tornio,FI,65.8481,24.1466,69.82,70,97,5.95,light rain
547,Paraiso,CR,9.8383,-83.8656,74.26,95,99,3.96,overcast clouds
548,Rincon,US,32.296,-81.2354,85.95,70,75,11.5,broken clouds
549,San Quintin,MX,30.4833,-115.95,71.69,75,100,9.98,overcast clouds
550,Buchanan,LR,5.8808,-10.0467,78.69,69,100,11.41,overcast clouds
551,Jabinyanah,TN,35.035,10.9081,91.2,49,0,12.73,clear sky
552,Alyangula,AU,-13.8483,136.4192,66.33,67,43,9.82,scattered clouds
553,Rundu,NA,-17.9333,19.7667,71.74,24,2,3.51,clear sky
554,Manta,EC,-0.95,-80.7333,73.18,78,75,11.5,broken clouds
555,Sur,OM,22.5667,59.5289,89.33,65,99,9.91,overcast clouds
556,Ugoofaaru,MV,5.6667,73.0,82.18,77,100,17.81,overcast clouds
557,Gari,RU,59.4307,62.3497,60.49,81,44,6.08,scattered clouds
558,Deputatskiy,RU,69.3,139.9,37.65,89,3,4.7,clear sky
559,Marathon,US,44.9,-89.7668,78.66,58,0,11.5,clear sky
560,Mbala,ZM,-8.8402,31.3659,66.15,47,92,3.71,overcast clouds
561,Thinadhoo,MV,0.5333,72.9333,81.93,72,97,10.76,light rain
562,Ketchikan,US,55.3422,-131.6461,54.07,94,100,8.05,light rain
563,Nokaneng,BW,-19.6667,22.2667,72.03,31,90,10.76,overcast clouds
564,Challakere,IN,14.3167,76.65,78.48,72,97,14.7,overcast clouds
565,Ostuni,IT,40.7276,17.5764,94.78,38,0,5.77,clear sky
566,Smirnykh,RU,49.75,142.8333,57.16,90,100,3.8,overcast clouds
567,Outjo,NA,-20.1167,16.15,73.4,16,0,10.07,clear sky
568,Talara,PE,-4.5772,-81.2719,66.96,72,0,18.41,clear sky
569,Ternate,ID,0.8,127.4,79.97,79,100,3.24,overcast clouds
570,Santa Fe,AR,-31.6333,-60.7,66.0,81,88,4.0,light rain
571,Kaohsiung,TW,22.6163,120.3133,86.04,82,75,3.44,broken clouds
572,Lityn,UA,49.3251,28.0809,75.16,40,14,14.09,few clouds
573,Mahanoro,MG,-19.9,48.8,66.58,80,24,1.21,light rain
574,Masaka,UG,-0.3338,31.7341,68.77,63,10,10.54,clear sky
575,Ilhabela,BR,-23.7781,-45.3581,73.9,73,1,5.44,clear sky
576,Bilibino,RU,68.0546,166.4372,34.81,68,43,4.65,scattered clouds
577,Soyo,AO,-6.1349,12.3689,72.84,80,58,12.3,broken clouds
578,Luganville,VU,-15.5333,167.1667,77.45,86,36,6.04,scattered clouds
579,Boyuibe,BO,-20.4167,-63.2833,87.39,26,26,11.39,scattered clouds
580,Ulladulla,AU,-35.35,150.4667,54.63,82,94,7.63,overcast clouds
581,Lodja,CD,-3.4833,23.4333,83.52,39,90,0.43,overcast clouds
582,Suhbaatar,MN,50.2314,106.2078,55.6,95,100,1.28,light rain
583,Williston,US,48.147,-103.618,76.8,37,6,6.98,clear sky
584,Kodinar,IN,20.7903,70.7031,81.48,80,100,14.7,overcast clouds
585,Nhulunbuy,AU,-12.2333,136.7667,71.38,60,69,13.49,broken clouds
586,Claresholm,CA,50.0333,-113.5852,67.91,64,0,3.44,clear sky
587,Marienburg,PL,54.0359,19.0266,95.88,29,16,10.69,few clouds
588,Hirara,JP,24.8,125.2833,84.92,78,2,11.99,clear sky
589,Katangli,RU,51.7102,143.2326,52.84,99,100,9.37,overcast clouds
590,Vidalia,US,32.2177,-82.4135,82.51,83,100,5.75,overcast clouds
591,San Patricio,US,28.017,-97.5169,91.26,44,2,14.7,clear sky
592,Portland,US,45.5234,-122.6762,69.82,75,20,4.61,few clouds
593,Shilong,CN,23.1123,113.8425,89.01,70,4,4.54,clear sky
594,Rocha,UY,-34.4833,-54.3333,60.87,71,74,9.53,broken clouds
595,Belmonte,BR,-15.8631,-38.8828,76.42,72,18,9.8,few clouds
596,Batemans Bay,AU,-35.7167,150.1833,53.1,86,88,4.63,overcast clouds
597,Paratebueno,CO,4.3758,-73.2155,75.83,87,87,3.11,overcast clouds
598,Grindavik,IS,63.8424,-22.4338,54.07,94,75,10.36,light intensity drizzle
599,Kouroussa,GN,10.65,-9.8833,79.43,76,84,8.3,broken clouds
600,Lyuban,BY,52.7985,28.0048,72.99,60,1,12.37,clear sky
601,Koumac,NC,-20.5667,164.2833,74.5,86,8,8.05,clear sky
602,Thiers,FR,45.8333,3.5,84.52,26,0,4.25,clear sky
603,Morbegno,IT,46.1383,9.57,97.38,39,37,2.77,scattered clouds
604,Kedrovyy,RU,56.1667,91.8167,61.21,92,100,3.09,light rain
605,Burnie,AU,-41.0667,145.9167,48.94,72,50,11.25,scattered clouds
606,Warrenton,ZA,-28.114,24.8475,61.03,34,1,3.09,clear sky
607,Punta De Bombon,PE,-17.1717,-71.7931,61.5,79,100,6.49,overcast clouds
608,Bongouanou,CI,6.6486,-4.1992,81.37,61,95,1.77,overcast clouds
609,Antsohihy,MG,-14.8796,47.9875,73.76,53,3,12.66,clear sky
610,Gweta,BW,-20.1833,25.2333,68.47,37,87,5.46,overcast clouds
611,Raga,SS,8.4596,25.678,75.42,85,91,2.62,light rain
612,Tevriz,RU,57.509,72.4042,57.65,98,100,5.17,light rain
613,Skeldon,GY,5.8833,-57.1333,84.24,69,35,5.21,light rain
614,Peru,US,40.7537,-86.0689,83.59,72,0,10.0,clear sky
615,Bruck An Der Leitha,AT,48.0167,16.7667,96.69,31,0,3.44,clear sky
616,Henties Bay,NA,-22.116,14.2845,60.31,73,1,10.65,clear sky
617,Dustlik,UZ,40.5247,68.0358,91.17,14,0,1.59,clear sky
618,Tocopilla,CL,-22.092,-70.1979,65.19,68,100,7.96,overcast clouds
619,Gewane,ET,10.1664,40.6453,91.42,33,74,12.12,broken clouds
620,Miri,MY,4.4148,114.0089,80.74,94,20,2.3,few clouds
621,Vostok,RU,46.4856,135.8833,58.51,98,47,2.37,scattered clouds
622,Coahuayana,MX,18.7333,-103.6833,89.4,64,54,2.98,broken clouds
623,Santander,ES,43.4647,-3.8044,77.72,79,20,15.99,few clouds
624,Trinidad,BO,-14.8333,-64.9,85.98,51,5,11.5,clear sky
625,Kieta,PG,-6.2167,155.6333,79.81,78,96,3.2,overcast clouds
626,Mayo,US,38.8876,-76.5119,94.17,71,75,6.91,broken clouds
627,Karaidel,RU,55.8337,56.9069,60.53,83,34,2.95,scattered clouds
628,Tanabe,JP,33.7333,135.3667,77.92,97,55,2.33,broken clouds
629,Calama,CL,-22.4667,-68.9333,63.09,14,0,12.66,clear sky
630,Tolaga Bay,NZ,-38.3667,178.3,50.45,78,100,24.74,overcast clouds
631,Concepcion Del Oro,MX,24.6333,-101.4167,74.46,37,1,1.77,clear sky
632,Porosozero,RU,62.7191,32.727,79.92,46,31,1.66,scattered clouds
633,Dakar,SN,14.6937,-17.4441,90.48,70,40,9.22,scattered clouds
634,Namasuba,UG,0.6894,32.4214,71.19,60,94,5.93,overcast clouds
635,Sumenep,ID,-7.0167,113.8667,79.45,78,55,10.6,broken clouds
636,Almeirim,BR,-1.5233,-52.5817,88.21,57,68,3.98,broken clouds
637,San Policarpo,PH,12.1791,125.5072,81.91,78,9,3.47,clear sky
638,Gouyave,GD,12.1646,-61.7296,83.17,84,75,20.71,broken clouds
639,Dubbo,AU,-32.25,148.6167,50.49,81,14,14.07,few clouds
640,Samana,DO,19.2056,-69.3369,84.42,79,75,6.91,broken clouds
641,Prince Rupert,CA,54.3161,-130.3201,55.49,87,100,4.61,overcast clouds
642,Basco,PH,20.4487,121.9702,85.26,80,6,12.48,clear sky
643,Seoul,KR,37.5683,126.9778,74.77,85,75,5.75,broken clouds
644,Motala,SE,58.5371,15.0365,96.53,36,86,6.8,overcast clouds
645,Nuuk,GL,64.1835,-51.7216,61.41,59,75,16.11,broken clouds
646,Xihe,CN,31.6864,113.4659,79.47,96,93,6.49,overcast clouds
647,Panjab,AF,34.388,67.0233,70.92,15,12,4.29,few clouds
648,Kutum,SD,14.2,24.6667,74.21,66,98,20.8,overcast clouds
649,Trairi,BR,-3.2778,-39.2689,82.92,65,98,9.62,overcast clouds
650,Gravdal,NO,68.1214,13.5031,54.03,90,100,14.83,overcast clouds
651,Ilam,NP,26.9167,87.9167,71.17,90,100,3.33,overcast clouds
652,Chippewa Falls,US,44.9369,-91.3929,79.9,62,75,8.05,broken clouds
653,Valparaiso,CL,-33.0393,-71.6273,53.83,87,20,5.75,haze
654,Vilyuysk,RU,63.7553,121.6247,59.31,97,100,8.66,overcast clouds
655,Evensk,RU,61.95,159.2333,55.02,52,4,9.22,clear sky
656,Maues,BR,-3.3836,-57.7186,83.89,74,85,2.55,overcast clouds
657,Rio Grande,BR,-32.035,-52.0986,73.51,94,100,3.33,overcast clouds
658,San Martin,AR,-33.081,-68.4681,59.54,35,0,11.41,clear sky
659,Praia Da Vitoria,PT,38.7333,-27.0667,79.05,65,20,2.1,few clouds
660,Zhatay,RU,62.1594,129.8294,66.25,94,72,2.24,fog
661,Morehead,US,37.2711,-87.1764,84.99,66,0,4.61,clear sky
662,Korhogo,CI,9.45,-5.6333,82.98,57,81,5.32,broken clouds
663,Chaman,PK,30.9236,66.4512,92.16,11,5,6.64,clear sky
664,Hami,CN,42.8,93.45,78.66,21,0,2.17,clear sky
665,Thiruvananthapuram,IN,8.4833,76.9167,80.58,83,40,8.05,mist
666,Lagoa,PT,39.05,-27.9833,72.54,79,65,4.27,broken clouds
667,Teluknaga,ID,-6.0989,106.6381,84.18,83,20,3.44,haze
668,General Pico,AR,-35.6566,-63.7568,61.34,19,11,10.22,few clouds
669,Sao Joao,BR,-8.8756,-36.3667,70.84,78,95,11.68,overcast clouds
670,Diego De Almagro,CL,-26.3667,-70.05,62.82,43,89,2.06,overcast clouds
671,Vondrozo,MG,-22.8167,47.2833,57.87,95,12,0.98,few clouds
